EmployeeID,NationalIDNumber,ContactID,LoginID,ManagerID,Title,BirthDate,MaritalStatus,Gender,HireDate,SalariedFlag,VacationHours,SickLeaveHours,CurrentFlag,rowguid,ModifiedDate,HumanResources_EmployeeAddress,HumanResources_EmployeeDepartmentHistory,HumanResources_EmployeePayHistory,HumanResources_JobCandidate,Sales_SalesPerson
1,14417807,1209,adventure-works\guy1,16,Production Technician - WC60,15 05 72 00:00,M,M,31 07 96 00:00,0,21,30,-1,{AAE1D04A-C237-4974-B4D5-935247737718},31 07 04 00:00,[Value],[Table],[Table],[Table],[Table]
2,253022876,1030,adventure-works\kevin0,6,Marketing Assistant,03 06 77 00:00,S,M,26 02 97 00:00,0,42,41,-1,{1B480240-95C0-410F-A717-EB29943C8886},31 07 04 00:00,[Value],[Table],[Table],[Table],[Table]
3,509647174,1002,adventure-works\roberto0,12,Engineering Manager,13 12 64 00:00,M,M,12 12 97 00:00,-1,2,21,-1,{9BBBFB2C-EFBB-4217-9AB7-F97689328841},31 07 04 00:00,[Value],[Table],[Table],[Table],[Table]
4,112457891,1290,adventure-works\rob0,3,Senior Tool Designer,23 01 65 00:00,S,M,05 01 98 00:00,0,48,80,-1,{59747955-87B8-443F-8ED4-F8AD3AFDF3A9},31 07 04 00:00,[Value],[Table],[Table],[Table],[Table]
5,480168528,1009,adventure-works\thierry0,263,Tool Designer,29 08 49 00:00,M,M,11 01 98 00:00,0,9,24,-1,{1D955171-E773-4FAD-8382-40FD898D5D4D},31 07 04 00:00,[Value],[Table],[Table],[Table],[Table]
6,24756624,1028,adventure-works\david0,109,Marketing Manager,19 04 65 00:00,S,M,20 01 98 00:00,-1,40,40,-1,{E87029AA-2CBA-4C03-B948-D83AF0313E28},31 07 04 00:00,[Value],[Table],[Table],[Table],[Table]
7,309738752,1070,adventure-works\jolynn0,21,Production Supervisor - WC60,16 02 46 00:00,S,F,26 01 98 00:00,0,82,61,-1,{2CC71B96-F421-485E-9832-8723337749BB},31 07 04 00:00,[Value],[Table],[Table],[Table],[Table]
8,690627818,1071,adventure-works\ruth0,185,Production Technician - WC10,06 07 46 00:00,M,F,06 02 98 00:00,0,83,61,-1,{3E3B6905-209E-442E-B8A8-9A0980241C6A},31 07 04 00:00,[Value],[Table],[Table],[Table],[Table]
9,695256908,1005,adventure-works\gail0,3,Design Engineer,29 10 42 00:00,M,F,06 02 98 00:00,-1,5,22,-1,{EC84AE09-F9B8-4A15-B4A9-6CCBAB919B08},31 07 04 00:00,[Value],[Table],[Table],[Table],[Table]
10,912265825,1076,adventure-works\barry0,185,Production Technician - WC10,27 04 46 00:00,S,M,07 02 98 00:00,0,88,64,-1,{756A60AE-378F-43D8-9F93-1E821D1EAF52},31 07 04 00:00,[Value],[Table],[Table],[Table],[Table]
11,998320692,1006,adventure-works\jossef0,3,Design Engineer,11 04 49 00:00,M,M,24 02 98 00:00,-1,6,23,-1,{E39056F1-9CD5-478D-8945-14ACA7FBDCDD},31 07 04 00:00,[Value],[Table],[Table],[Table],[Table]
12,245797967,1001,adventure-works\terri0,109,Vice President of Engineering,01 09 61 00:00,S,F,03 03 98 00:00,-1,1,20,-1,{45E8F437-670D-4409-93CB-F9424A40D6EE},31 07 04 00:00,[Value],[Table],[Table],[Table],[Table]
13,844973625,1072,adventure-works\sidney0,185,Production Technician - WC10,01 10 46 00:00,M,M,05 03 98 00:00,0,84,62,-1,{40D603D9-7F99-48B7-A580-B17CF429BED2},31 07 04 00:00,[Value],[Table],[Table],[Table],[Table]
14,233069302,1067,adventure-works\taylor0,21,Production Supervisor - WC50,03 05 46 00:00,M,M,11 03 98 00:00,0,79,59,-1,{28F7EF89-2793-4989-B67D-25046543C1E3},31 07 04 00:00,[Value],[Table],[Table],[Table],[Table]
15,132674823,1073,adventure-works\jeffrey0,185,Production Technician - WC10,12 08 46 00:00,S,M,23 03 98 00:00,0,85,62,-1,{6E086F41-B81D-4BDC-9F13-0EEC488DC43E},31 07 04 00:00,[Value],[Table],[Table],[Table],[Table]
16,446466105,1068,adventure-works\jo0,21,Production Supervisor - WC60,09 11 46 00:00,S,F,30 03 98 00:00,0,80,60,-1,{83FFAAC6-B895-481F-B897-14F965D4DA47},31 07 04 00:00,[Value],[Table],[Table],[Table],[Table]
17,565090917,1074,adventure-works\doris0,185,Production Technician - WC10,06 05 46 00:00,M,F,11 04 98 00:00,0,86,63,-1,{692B8826-03B4-4C3B-82FC-1FC6F1409689},31 07 04 00:00,[Value],[Table],[Table],[Table],[Table]
18,494170342,1069,adventure-works\john0,21,Production Supervisor - WC60,08 09 46 00:00,M,M,18 04 98 00:00,0,81,60,-1,{D4ED1F78-7C28-479B-BFEF-A73228BA2AAA},31 07 04 00:00,[Value],[Table],[Table],[Table],[Table]
19,9659517,1075,adventure-works\diane0,185,Production Technician - WC10,30 04 46 00:00,M,F,29 04 98 00:00,0,87,63,-1,{C334B2D2-0C56-4906-9095-F1D07A98CBEC},31 07 04 00:00,[Value],[Table],[Table],[Table],[Table]
20,443968955,1129,adventure-works\steven0,173,Production Technician - WC30,15 06 67 00:00,M,M,02 01 99 00:00,0,41,40,-1,{0A8937C9-68AA-4D48-BA4E-B40493D764AA},31 07 04 00:00,[Value],[Table],[Table],[Table],[Table]
21,277173473,1231,adventure-works\peter0,148,Production Control Manager,04 12 72 00:00,M,M,02 01 99 00:00,-1,43,41,-1,{69D5D162-E817-45E7-9DEC-5D9B8310E7B1},26 01 05 09:17,[Value],[Table],[Table],[Table],[Table]
22,835460180,1172,adventure-works\stuart0,197,Production Technician - WC45,14 10 52 00:00,S,M,03 01 99 00:00,0,84,62,-1,{4F361B4F-7920-4037-9A0A-46D616F9B9C7},31 07 04 00:00,[Value],[Table],[Table],[Table],[Table]
23,687685941,1173,adventure-works\greg0,197,Production Technician - WC45,18 11 60 00:00,S,M,03 01 99 00:00,0,85,62,-1,{A36B5D6B-72A5-47F8-9F6B-5D922130E760},31 07 04 00:00,[Value],[Table],[Table],[Table],[Table]
24,498138869,1113,adventure-works\david1,184,Production Technician - WC30,03 12 69 00:00,S,M,03 01 99 00:00,0,25,32,-1,{ED7EE92E-A9D0-4E3A-8DEE-4B143E459F7E},31 07 04 00:00,[Value],[Table],[Table],[Table],[Table]
25,360868122,1054,adventure-works\zheng0,21,Production Supervisor - WC10,26 11 73 00:00,S,M,04 01 99 00:00,0,66,53,-1,{C75F2740-ACE3-4EBF-91C5-7AB352E1095F},31 07 04 00:00,[Value],[Table],[Table],[Table],[Table]
26,964089218,1097,adventure-works\ivo0,108,Production Technician - WC20,04 02 72 00:00,M,M,05 01 99 00:00,0,9,24,-1,{D83A26F3-7EA7-477B-A5BB-7EAADFC13A09},31 07 04 00:00,[Value],[Table],[Table],[Table],[Table]
27,384162788,1156,adventure-works\paul0,87,Production Technician - WC40,15 12 70 00:00,S,M,05 01 99 00:00,0,68,54,-1,{0217049E-1566-42B6-8027-41B751E2B00B},31 07 04 00:00,[Value],[Table],[Table],[Table],[Table]
28,749389530,1258,adventure-works\ashvini0,150,Network Administrator,28 04 67 00:00,S,M,05 01 99 00:00,0,70,55,-1,{2E680C1C-7C02-4343-9626-6F97273414C0},31 07 04 00:00,[Value],[Table],[Table],[Table],[Table]
29,571658797,1199,adventure-works\kendall0,14,Production Technician - WC50,30 06 76 00:00,M,M,06 01 99 00:00,0,11,25,-1,{65207627-5521-4A8E-AD3C-B2F1B5226B85},31 07 04 00:00,[Value],[Table],[Table],[Table],[Table]
30,535145551,1242,adventure-works\paula0,140,Human Resources Manager,14 03 66 00:00,M,F,07 01 99 00:00,-1,54,47,-1,{65028F15-4149-4DE5-B203-9D7EC86BAF87},31 07 04 00:00,[Value],[Table],[Table],[Table],[Table]
31,761597760,1140,adventure-works\alejandro0,210,Production Technician - WC40,06 01 79 00:00,S,M,07 01 99 00:00,0,52,46,-1,{8C7321D2-2C64-4902-9D64-8F5C1EB7F747},31 07 04 00:00,[Value],[Table],[Table],[Table],[Table]
32,271438431,1122,adventure-works\garrett0,184,Production Technician - WC30,26 09 74 00:00,S,M,08 01 99 00:00,0,34,37,-1,{A6F5F72F-AA03-41B7-8B6E-B123BD360753},31 07 04 00:00,[Value],[Table],[Table],[Table],[Table]
33,160739235,1124,adventure-works\jianshuo0,135,Production Technician - WC30,27 08 73 00:00,S,M,08 01 99 00:00,0,36,38,-1,{6FFF136A-9664-4EB9-9243-FAC76E21B9DD},31 07 04 00:00,[Value],[Table],[Table],[Table],[Table]
34,586486572,1285,adventure-works\susan0,85,Stocker,20 03 68 00:00,S,F,08 01 99 00:00,0,97,68,-1,{923ECFD6-E202-429A-9141-6CB183531439},31 07 04 00:00,[Value],[Table],[Table],[Table],[Table]
35,337752649,1283,adventure-works\vamsi0,85,Shipping and Receiving Clerk,19 04 67 00:00,M,M,08 01 99 00:00,0,95,67,-1,{A8838AB2-99DE-415C-8675-D82EBF1C4752},31 07 04 00:00,[Value],[Table],[Table],[Table],[Table]
36,113695504,1183,adventure-works\alice0,38,Production Technician - WC50,27 02 68 00:00,M,F,08 01 99 00:00,0,95,67,-1,{7E632B21-0D11-4BBA-8A68-8CAE14C20AE6},31 07 04 00:00,[Value],[Table],[Table],[Table],[Table]
37,276751903,1226,adventure-works\simon0,7,Production Technician - WC60,17 06 80 00:00,S,M,09 01 99 00:00,0,38,39,-1,{F734D38A-56B5-471E-8DED-A682E958A9B3},31 07 04 00:00,[Value],[Table],[Table],[Table],[Table]
38,630184120,1065,adventure-works\jinghao0,21,Production Supervisor - WC50,09 03 79 00:00,S,M,09 01 99 00:00,0,77,58,-1,{2BCA07D3-F2AC-4406-904F-E09156F3EB3E},31 07 04 00:00,[Value],[Table],[Table],[Table],[Table]
39,545337468,1108,adventure-works\michael0,182,Production Technician - WC20,19 12 74 00:00,S,M,10 01 99 00:00,0,20,30,-1,{4FD6FE82-535A-4DD1-BEB1-154A8B5E42F0},31 07 04 00:00,[Value],[Table],[Table],[Table],[Table]
40,713403643,1167,adventure-works\yvonne0,159,Production Technician - WC45,17 05 79 00:00,M,F,10 01 99 00:00,0,79,59,-1,{83C6DABF-FD7D-4F5B-BB22-EB7EEBB9A772},31 07 04 00:00,[Value],[Table],[Table],[Table],[Table]
41,885055826,1269,adventure-works\peng0,200,Quality Assurance Supervisor,19 04 66 00:00,M,M,10 01 99 00:00,-1,81,60,-1,{E249D613-36C9-4544-9B6F-6CE50E5E0DA5},31 07 04 00:00,[Value],[Table],[Table],[Table],[Table]
42,441044382,1253,adventure-works\jean0,109,Information Services Manager,13 01 66 00:00,S,F,12 01 99 00:00,-1,65,52,-1,{794A0B1F-C46A-401C-984D-008996FC7092},31 07 04 00:00,[Value],[Table],[Table],[Table],[Table]
43,718299860,1194,adventure-works\russell0,74,Production Technician - WC50,27 12 62 00:00,M,M,13 01 99 00:00,0,6,23,-1,{6B10192F-D570-47C4-82C9-3D979B1EFDC1},31 07 04 00:00,[Value],[Table],[Table],[Table],[Table]
44,685233686,1232,adventure-works\ascott0,148,Master Scheduler,19 10 58 00:00,S,M,13 01 99 00:00,0,44,42,-1,{13909262-4136-492F-BCA3-0B0E3773B03E},26 01 05 09:17,[Value],[Table],[Table],[Table],[Table]
45,295971920,1135,adventure-works\fred0,210,Production Technician - WC40,27 07 79 00:00,S,M,13 01 99 00:00,0,47,43,-1,{45358AE8-0B0E-4C11-90BB-DAC3EC0D5C82},31 07 04 00:00,[Value],[Table],[Table],[Table],[Table]
46,95958330,1033,adventure-works\sariya0,6,Marketing Specialist,21 06 77 00:00,S,M,13 01 99 00:00,0,45,42,-1,{AF21F1B7-0691-48AD-B325-B8F2D7B2268A},31 07 04 00:00,[Value],[Table],[Table],[Table],[Table]
47,332040978,1237,adventure-works\willis0,30,Recruiter,18 08 68 00:00,S,M,14 01 99 00:00,0,49,44,-1,{A1D86ECC-EA17-4B1B-8369-F1D07AB0A469},31 07 04 00:00,[Value],[Table],[Table],[Table],[Table]
48,857651804,1178,adventure-works\jun0,38,Production Technician - WC50,06 08 69 00:00,S,M,15 01 99 00:00,0,90,65,-1,{9C5F84D1-FB96-4D82-92A1-F932903DEAAD},31 07 04 00:00,[Value],[Table],[Table],[Table],[Table]
49,553069203,1280,adventure-works\christian0,218,Maintenance Supervisor,18 02 66 00:00,M,M,15 01 99 00:00,-1,92,66,-1,{4611C7C5-90A0-407F-B054-93BD51533609},31 07 04 00:00,[Value],[Table],[Table],[Table],[Table]
50,351069889,1119,adventure-works\susan1,184,Production Technician - WC30,03 05 73 00:00,S,F,15 01 99 00:00,0,31,35,-1,{F73D75D5-B47B-46EE-AD11-7BF13DD6C55D},31 07 04 00:00,[Value],[Table],[Table],[Table],[Table]
51,370989364,1060,adventure-works\reuben0,21,Production Supervisor - WC40,27 09 77 00:00,M,M,16 01 99 00:00,0,72,56,-1,{71EEE2A6-B9B3-4BF4-8949-01239DF7C901},31 07 04 00:00,[Value],[Table],[Table],[Table],[Table]
52,275962311,1162,adventure-works\kirk0,123,Production Technician - WC45,10 03 75 00:00,S,M,16 01 99 00:00,0,74,57,-1,{08D25BAA-167B-499C-8B51-31DCC856A8CF},31 07 04 00:00,[Value],[Table],[Table],[Table],[Table]
53,36151748,1221,adventure-works\david2,18,Production Technician - WC60,30 01 75 00:00,M,M,16 01 99 00:00,0,33,36,-1,{FC617BB8-D2A3-4374-873C-8EF38D80127D},31 07 04 00:00,[Value],[Table],[Table],[Table],[Table]
54,540688287,1264,adventure-works\tengiz0,90,Control Specialist,29 05 80 00:00,S,M,17 01 99 00:00,0,76,58,-1,{C609B3B2-7969-410C-934C-62C34B63C4EE},31 07 04 00:00,[Value],[Table],[Table],[Table],[Table]
55,568596888,1103,adventure-works\hanying0,143,Production Technician - WC20,16 11 64 00:00,S,M,17 01 99 00:00,0,15,27,-1,{618B71BC-6E8C-492D-8862-B9EFB7A4E06A},31 07 04 00:00,[Value],[Table],[Table],[Table],[Table]
56,918737118,1146,adventure-works\kevin1,210,Production Technician - WC40,26 01 76 00:00,S,M,18 01 99 00:00,0,58,49,-1,{DC7E95FF-275E-41C2-8ED3-686864F0540A},31 07 04 00:00,[Value],[Table],[Table],[Table],[Table]
57,801758002,1205,adventure-works\annik0,16,Production Technician - WC60,27 01 67 00:00,M,M,18 01 99 00:00,0,17,28,-1,{51FDE6AC-BD50-467C-90E5-10CA7310455C},31 07 04 00:00,[Value],[Table],[Table],[Table],[Table]
58,415823523,1181,adventure-works\suroor0,38,Production Technician - WC50,28 03 68 00:00,S,M,18 01 99 00:00,0,93,66,-1,{14010B0E-C101-4E41-B788-21923399E512},31 07 04 00:00,[Value],[Table],[Table],[Table],[Table]
59,363923697,1248,adventure-works\deborah0,139,Accounts Receivable Specialist,07 04 66 00:00,M,F,19 01 99 00:00,0,60,50,-1,{09F75454-028C-46CA-BC08-0147BD0220D7},31 07 04 00:00,[Value],[Table],[Table],[Table],[Table]
60,674171828,1189,adventure-works\jim0,74,Production Technician - WC50,09 10 76 00:00,M,M,20 01 99 00:00,0,1,20,-1,{6175876E-8FCC-4917-BE06-FC358515E6DF},31 07 04 00:00,[Value],[Table],[Table],[Table],[Table]
61,138280935,1130,adventure-works\carole0,173,Production Technician - WC30,19 11 73 00:00,M,F,20 01 99 00:00,0,42,41,-1,{C76A41F1-A390-4AE4-A82A-2A87764C6391},31 07 04 00:00,[Value],[Table],[Table],[Table],[Table]
62,476115505,1114,adventure-works\george0,184,Production Technician - WC30,18 05 67 00:00,M,M,22 01 99 00:00,0,26,33,-1,{01B119A2-2AF3-4775-818E-B421FECB07A7},31 07 04 00:00,[Value],[Table],[Table],[Table],[Table]
63,502058701,1157,adventure-works\gary0,87,Production Technician - WC40,17 06 78 00:00,S,M,23 01 99 00:00,0,69,54,-1,{A03D6052-1F85-4EBE-AAC9-B67CFDCD91A6},31 07 04 00:00,[Value],[Table],[Table],[Table],[Table]
64,7201901,1055,adventure-works\cristian0,21,Production Supervisor - WC10,13 05 74 00:00,M,M,23 01 99 00:00,0,67,53,-1,{5BE16416-8570-417D-9E54-047DB468B5E9},31 07 04 00:00,[Value],[Table],[Table],[Table],[Table]
65,97728960,1098,adventure-works\raymond0,143,Production Technician - WC20,02 04 57 00:00,M,M,24 01 99 00:00,0,10,25,-1,{9F01E1FB-B893-40CC-9F5C-AAF89F9B7AF5},31 07 04 00:00,[Value],[Table],[Table],[Table],[Table]
66,525932996,1259,adventure-works\janaina0,42,Application Specialist,03 03 75 00:00,M,F,24 01 99 00:00,-1,71,55,-1,{241535C7-7A31-4A6A-9E0D-A83C30C2EDDA},31 07 04 00:00,[Value],[Table],[Table],[Table],[Table]
67,843479922,1200,adventure-works\bob0,14,Production Technician - WC50,16 09 69 00:00,S,M,25 01 99 00:00,0,12,26,-1,{68616AEA-81E5-4940-A7E4-6FBA882BCCF6},31 07 04 00:00,[Value],[Table],[Table],[Table],[Table]
68,370487086,1141,adventure-works\shammi0,210,Production Technician - WC40,05 11 70 00:00,M,M,25 01 99 00:00,0,53,46,-1,{9BEF0C94-7969-4905-9A42-CE469C754800},31 07 04 00:00,[Value],[Table],[Table],[Table],[Table]
69,54759846,1184,adventure-works\linda0,38,Production Technician - WC50,17 08 77 00:00,M,F,26 01 99 00:00,0,96,68,-1,{FB84759C-B687-43B2-8727-125EFE0F5E13},31 07 04 00:00,[Value],[Table],[Table],[Table],[Table]
70,619308550,1239,adventure-works\mindy0,30,Benefits Specialist,22 12 74 00:00,M,F,26 01 99 00:00,0,51,45,-1,{834D7AB6-06E6-4944-B42F-028CD4BD388E},31 07 04 00:00,[Value],[Table],[Table],[Table],[Table]
71,121491555,1243,adventure-works\wendy0,140,Finance Manager,12 11 74 00:00,S,F,26 01 99 00:00,-1,55,47,-1,{8F410408-4AA8-4D67-886D-530BFE4EBE3B},31 07 04 00:00,[Value],[Table],[Table],[Table],[Table]
72,420776180,1286,adventure-works\kim0,85,Stocker,01 06 74 00:00,S,F,27 01 99 00:00,0,98,69,-1,{6150F197-7923-40D4-84F2-936207D468AB},31 07 04 00:00,[Value],[Table],[Table],[Table],[Table]
73,604664374,1125,adventure-works\sandra0,135,Production Technician - WC30,06 12 65 00:00,M,F,27 01 99 00:00,0,37,38,-1,{F69F3FF9-E1E0-4419-A6BF-F705E1556160},31 07 04 00:00,[Value],[Table],[Table],[Table],[Table]
74,778552911,1066,adventure-works\kok-ho0,21,Production Supervisor - WC50,30 05 70 00:00,S,M,28 01 99 00:00,0,78,59,-1,{57FB2C0F-B105-49F0-967A-88F3D743CB3F},31 07 04 00:00,[Value],[Table],[Table],[Table],[Table]
75,435234965,1168,adventure-works\douglas0,159,Production Technician - WC45,26 12 75 00:00,M,M,28 01 99 00:00,0,80,60,-1,{1AB0EDEB-7558-4734-8423-5A11B44DCA35},31 07 04 00:00,[Value],[Table],[Table],[Table],[Table]
76,339712426,1227,adventure-works\james0,7,Production Technician - WC60,26 08 74 00:00,M,M,28 01 99 00:00,0,39,39,-1,{82E52D5A-165B-4C6D-9773-C3A6B6332ECD},31 07 04 00:00,[Value],[Table],[Table],[Table],[Table]
77,403414852,1270,adventure-works\sean0,41,Quality Assurance Technician,07 04 66 00:00,S,M,29 01 99 00:00,0,82,61,-1,{34E128CF-D904-4327-8014-9DF0D5DE7D08},31 07 04 00:00,[Value],[Table],[Table],[Table],[Table]
78,368920189,1109,adventure-works\nitin0,182,Production Technician - WC20,01 01 77 00:00,S,M,29 01 99 00:00,0,21,30,-1,{EBBC6787-3F2D-4F6B-9EA3-4DEF02EF382E},31 07 04 00:00,[Value],[Table],[Table],[Table],[Table]
79,811994146,1050,adventure-works\diane1,158,Research and Development Engineer,06 07 76 00:00,S,F,30 01 99 00:00,-1,62,51,-1,{31112635-663B-4018-B4A2-A685C0BF48A4},31 07 04 00:00,[Value],[Table],[Table],[Table],[Table]
80,330211482,1211,adventure-works\rebecca0,16,Production Technician - WC60,11 08 67 00:00,M,F,30 01 99 00:00,0,23,31,-1,{BDADEB5C-A596-4DA1-88BA-842C7A0CC10F},31 07 04 00:00,[Value],[Table],[Table],[Table],[Table]
81,632092621,1136,adventure-works\rajesh0,210,Production Technician - WC40,05 11 67 00:00,M,M,01 02 99 00:00,0,48,44,-1,{ACA7B40C-7AC0-4DAA-B4C7-1051D850D7D9},31 07 04 00:00,[Value],[Table],[Table],[Table],[Table]
82,264306399,1238,adventure-works\vidur0,30,Recruiter,02 09 74 00:00,S,M,02 02 99 00:00,0,50,45,-1,{47E76B59-B137-4572-AD55-6B3E68C13BD3},31 07 04 00:00,[Value],[Table],[Table],[Table],[Table]
83,981597097,1179,adventure-works\john1,38,Production Technician - WC50,01 07 68 00:00,S,M,02 02 99 00:00,0,91,65,-1,{B6998410-EE0F-4307-9E6E-FE348F11012D},31 07 04 00:00,[Value],[Table],[Table],[Table],[Table]
84,693325305,1222,adventure-works\nancy0,7,Production Technician - WC60,21 12 78 00:00,M,F,03 02 99 00:00,0,34,37,-1,{6B7EB306-9A00-496A-98A9-4E94FE72F77C},31 07 04 00:00,[Value],[Table],[Table],[Table],[Table]
85,521265716,1281,adventure-works\pilar0,21,Shipping and Receiving Supervisor,11 10 62 00:00,S,M,03 02 99 00:00,-1,93,66,-1,{01BCCE22-D63A-4C3F-9BA8-D3D5A4C3BD52},31 07 04 00:00,[Value],[Table],[Table],[Table],[Table]
86,746373306,1120,adventure-works\david3,184,Production Technician - WC30,04 09 71 00:00,S,M,03 02 99 00:00,0,32,36,-1,{84C358D4-2493-452C-B7D6-B212C893A009},31 07 04 00:00,[Value],[Table],[Table],[Table],[Table]
87,750905084,1061,adventure-works\david4,21,Production Supervisor - WC40,02 08 73 00:00,S,M,04 02 99 00:00,0,73,56,-1,{516538E8-115B-44F4-AA7B-E6C1D9F8ADFC},31 07 04 00:00,[Value],[Table],[Table],[Table],[Table]
88,514829225,1163,adventure-works\laura0,123,Production Technician - WC45,26 01 71 00:00,S,F,04 02 99 00:00,0,75,57,-1,{FCCD65BA-2702-4409-AE56-75AF1710AC78},31 07 04 00:00,[Value],[Table],[Table],[Table],[Table]
89,750246141,1206,adventure-works\margie0,16,Production Technician - WC60,20 06 76 00:00,M,F,05 02 99 00:00,0,18,29,-1,{352D6E2F-655B-49A2-9FEC-EFD7D8CD0D30},31 07 04 00:00,[Value],[Table],[Table],[Table],[Table]
90,345106466,1265,adventure-works\zainal0,200,Document Control Manager,02 03 66 00:00,M,M,05 02 99 00:00,0,77,58,-1,{DC60EEED-9F9F-4435-8666-4DE4FAFDE9C3},31 07 04 00:00,[Value],[Table],[Table],[Table],[Table]
91,19312190,1137,adventure-works\lorraine0,210,Production Technician - WC40,28 12 78 00:00,M,F,05 02 99 00:00,0,49,44,-1,{A63966B6-9AD6-40BC-AFD4-A83745879F4D},31 07 04 00:00,[Value],[Table],[Table],[Table],[Table]
92,212801092,1104,adventure-works\fadi0,143,Production Technician - WC20,19 03 79 00:00,S,M,05 02 99 00:00,0,16,28,-1,{9923376F-26D0-4845-9D99-CC3D696CAEB8},31 07 04 00:00,[Value],[Table],[Table],[Table],[Table]
93,769680433,1147,adventure-works\ryan0,51,Production Technician - WC40,15 07 62 00:00,M,M,06 02 99 00:00,0,59,49,-1,{10E5BD6F-2B9C-4192-A94D-6A2D50EA1ADB},31 07 04 00:00,[Value],[Table],[Table],[Table],[Table]
94,60517918,1249,adventure-works\candy0,139,Accounts Receivable Specialist,26 03 66 00:00,S,F,07 02 99 00:00,0,61,50,-1,{9E9F713B-707C-4F7E-9504-DE188052A045},31 07 04 00:00,[Value],[Table],[Table],[Table],[Table]
95,431859843,1190,adventure-works\nuan0,74,Production Technician - WC50,29 04 69 00:00,S,M,07 02 99 00:00,0,2,21,-1,{A6089357-2F2F-48CC-AB3C-D9B75A3C09D7},31 07 04 00:00,[Value],[Table],[Table],[Table],[Table]
96,621209647,1233,adventure-works\william0,44,Scheduling Assistant,08 12 71 00:00,M,M,08 02 99 00:00,0,45,42,-1,{1A68CD62-6FE9-4613-90D4-2CD178E4E54A},31 07 04 00:00,[Value],[Table],[Table],[Table],[Table]
97,420023788,1131,adventure-works\bjorn0,173,Production Technician - WC30,08 12 79 00:00,S,M,08 02 99 00:00,0,43,41,-1,{A942E1E0-2D5E-4858-97C0-947020E96860},31 07 04 00:00,[Value],[Table],[Table],[Table],[Table]
98,199546871,1174,adventure-works\scott0,197,Production Technician - WC45,13 03 77 00:00,M,M,09 02 99 00:00,0,86,63,-1,{E35DA50A-BB51-4E08-8B8D-87EF4650247A},31 07 04 00:00,[Value],[Table],[Table],[Table],[Table]
99,830150469,1158,adventure-works\michael1,87,Production Technician - WC40,04 02 81 00:00,S,M,11 02 99 00:00,0,70,55,-1,{416BF905-7D6C-4692-8FD6-40F6C4F9ECC4},31 07 04 00:00,[Value],[Table],[Table],[Table],[Table]
100,322160340,1099,adventure-works\lane0,143,Production Technician - WC20,24 10 64 00:00,M,M,12 02 99 00:00,0,11,25,-1,{042427B8-3883-4A87-A6A3-724EE1690F49},31 07 04 00:00,[Value],[Table],[Table],[Table],[Table]
101,827686041,1201,adventure-works\pete0,14,Production Technician - WC50,07 03 67 00:00,S,M,12 02 99 00:00,0,13,26,-1,{1F1D813D-3EDC-4274-8E9B-4519D71685B6},31 07 04 00:00,[Value],[Table],[Table],[Table],[Table]
102,671089628,1260,adventure-works\dan0,42,Application Specialist,28 07 71 00:00,M,M,12 02 99 00:00,-1,72,56,-1,{71B0D010-5AC5-4E91-8EFA-C311C1372A73},31 07 04 00:00,[Value],[Table],[Table],[Table],[Table]
103,231203233,1244,adventure-works\david5,140,Assistant to the Chief Financial Officer,23 07 54 00:00,S,M,13 02 99 00:00,0,56,48,-1,{BE81FD77-428C-449F-AB79-48B1CDF53D6A},31 07 04 00:00,[Value],[Table],[Table],[Table],[Table]
104,204035155,1195,adventure-works\lolan0,74,Production Technician - WC50,25 02 63 00:00,M,M,13 02 99 00:00,0,7,23,-1,{9B9B768D-7CC1-4DCE-87CB-765AB73A6AFF},31 07 04 00:00,[Value],[Table],[Table],[Table],[Table]
105,992874797,1142,adventure-works\paula1,210,Production Technician - WC40,13 03 77 00:00,M,F,13 02 99 00:00,0,54,47,-1,{5DD2BE46-204F-4AF3-91F5-5EF082F6D6A6},31 07 04 00:00,[Value],[Table],[Table],[Table],[Table]
106,767955365,1034,adventure-works\mary0,6,Marketing Specialist,14 10 52 00:00,M,F,13 02 99 00:00,0,46,43,-1,{90899830-127E-4876-85CA-7F6E03025281},31 07 04 00:00,[Value],[Table],[Table],[Table],[Table]
107,342607223,1185,adventure-works\mindaugas0,38,Production Technician - WC50,07 06 68 00:00,M,M,14 02 99 00:00,0,97,68,-1,{1D784088-DACB-4185-9F60-3D2DB4925BA5},31 07 04 00:00,[Value],[Table],[Table],[Table],[Table]
108,45615666,1228,adventure-works\eric0,21,Production Supervisor - WC20,20 02 75 00:00,M,M,15 02 99 00:00,0,40,40,-1,{2ABCF39B-88D7-49FA-820A-83D223322BA5},31 07 04 00:00,[Value],[Table],[Table],[Table],[Table]
109,295847284,1287,adventure-works\ken0,,Chief Executive Officer,02 03 59 00:00,S,M,15 02 99 00:00,-1,99,69,-1,{F01251E5-96A3-448D-981E-0F99D789110D},31 07 04 00:00,[Value],[Table],[Table],[Table],[Table]
110,733022683,1126,adventure-works\jason0,135,Production Technician - WC30,08 01 79 00:00,S,M,15 02 99 00:00,0,38,39,-1,{C16C501D-942D-4EB0-B5C4-EF8119FBEBA2},31 07 04 00:00,[Value],[Table],[Table],[Table],[Table]
111,381772114,1271,adventure-works\mark0,41,Quality Assurance Technician,31 05 76 00:00,S,M,16 02 99 00:00,0,83,61,-1,{6B63EF27-2C55-4F4C-BE29-FCE8B694DC4A},31 07 04 00:00,[Value],[Table],[Table],[Table],[Table]
112,187369436,1169,adventure-works\janeth0,159,Production Technician - WC45,25 08 62 00:00,S,F,16 02 99 00:00,0,81,60,-1,{8261B8CB-BC3F-4BCE-B364-86035D870263},31 07 04 00:00,[Value],[Table],[Table],[Table],[Table]
113,364818297,1110,adventure-works\marc0,184,Production Technician - WC30,24 11 76 00:00,M,M,17 02 99 00:00,0,22,31,-1,{1F151ABC-DB4A-431A-8A5D-15F46C5B8FFC},31 07 04 00:00,[Value],[Table],[Table],[Table],[Table]
114,658797903,1051,adventure-works\gigi0,158,Research and Development Engineer,21 02 69 00:00,M,F,17 02 99 00:00,-1,63,51,-1,{50B6CDC6-7570-47EF-9570-48A64B5F2ECF},31 07 04 00:00,[Value],[Table],[Table],[Table],[Table]
115,886023130,1094,adventure-works\paul1,108,Production Technician - WC20,05 12 80 00:00,M,M,18 02 99 00:00,0,6,23,-1,{DC5BA622-B860-41EE-AF92-5FEB4779B589},31 07 04 00:00,[Value],[Table],[Table],[Table],[Table]
116,749211824,1144,adventure-works\frank0,210,Production Technician - WC40,07 10 77 00:00,M,M,18 02 99 00:00,0,56,48,-1,{DD9AD278-ED17-40CF-8619-BAF1BB9D1CF2},31 07 04 00:00,[Value],[Table],[Table],[Table],[Table]
117,643805155,1255,adventure-works\françois0,42,Database Administrator,17 06 65 00:00,S,M,18 02 99 00:00,-1,67,53,-1,{0C7F025D-8D56-48EF-86C0-F09DB63D0182},31 07 04 00:00,[Value],[Table],[Table],[Table],[Table]
118,92096924,1196,adventure-works\diane2,14,Production Technician - WC50,10 09 79 00:00,S,F,19 02 99 00:00,0,8,24,-1,{721A2921-C415-46DE-9111-13F25F428B8B},31 07 04 00:00,[Value],[Table],[Table],[Table],[Table]
119,72636981,1035,adventure-works\jill0,6,Marketing Specialist,19 07 69 00:00,M,F,19 02 99 00:00,0,47,43,-1,{53575C58-FBA1-4C1A-B8FF-95E050B44393},31 07 04 00:00,[Value],[Table],[Table],[Table],[Table]
120,563680513,1180,adventure-works\angela0,38,Production Technician - WC50,01 07 81 00:00,S,F,21 02 99 00:00,0,92,66,-1,{4958E1C3-C872-4222-954E-09D2060EA7EF},31 07 04 00:00,[Value],[Table],[Table],[Table],[Table]
121,584205124,1282,adventure-works\matthias0,85,Shipping and Receiving Clerk,13 12 63 00:00,M,M,21 02 99 00:00,0,94,67,-1,{54ED63DC-C62C-4CC7-89C2-015DF49C49A5},31 07 04 00:00,[Value],[Table],[Table],[Table],[Table]
122,458159238,1223,adventure-works\bryan0,7,Production Technician - WC60,28 09 63 00:00,S,M,22 02 99 00:00,0,35,37,-1,{4652D4E4-6A27-47ED-9F51-C377E293DA28},31 07 04 00:00,[Value],[Table],[Table],[Table],[Table]
123,712885347,1062,adventure-works\jeff0,21,Production Supervisor - WC45,16 02 67 00:00,M,M,22 02 99 00:00,0,74,57,-1,{7C7D459E-1F49-427D-9BD5-DE31880C85DC},31 07 04 00:00,[Value],[Table],[Table],[Table],[Table]
124,87268837,1121,adventure-works\eugene0,184,Production Technician - WC30,15 08 77 00:00,S,M,22 02 99 00:00,0,33,36,-1,{1BA1D374-18AE-48ED-938F-6F5D2EEC4D4D},31 07 04 00:00,[Value],[Table],[Table],[Table],[Table]
125,969985265,1105,adventure-works\barbara0,182,Production Technician - WC20,02 08 69 00:00,M,F,23 02 99 00:00,0,17,28,-1,{045C9CBB-3448-4599-9FA9-6C7A9F82F832},31 07 04 00:00,[Value],[Table],[Table],[Table],[Table]
126,539490372,1164,adventure-works\chris0,123,Production Technician - WC45,17 01 79 00:00,M,M,23 02 99 00:00,0,76,58,-1,{300223F3-5587-4230-909B-D9C4AFD6D683},31 07 04 00:00,[Value],[Table],[Table],[Table],[Table]
127,242381745,1266,adventure-works\sean1,90,Document Control Assistant,12 04 77 00:00,S,M,23 02 99 00:00,0,78,59,-1,{F78657A9-83EF-4B4D-9809-3C4C6D1A7BB4},31 07 04 00:00,[Value],[Table],[Table],[Table],[Table]
128,929666391,1254,adventure-works\dan1,42,Database Administrator,06 02 66 00:00,M,M,23 02 99 00:00,-1,66,53,-1,{2474E1A9-902D-466C-B0B2-6DCAC927F753},31 07 04 00:00,[Value],[Table],[Table],[Table],[Table]
129,948320468,1207,adventure-works\mark1,16,Production Technician - WC60,26 10 69 00:00,S,M,24 02 99 00:00,0,19,29,-1,{CDB2C6DF-93E5-4558-91C8-424D5E7C658B},31 07 04 00:00,[Value],[Table],[Table],[Table],[Table]
130,931190412,1250,adventure-works\bryan1,139,Accounts Receivable Specialist,22 10 74 00:00,S,M,25 02 99 00:00,0,62,51,-1,{CB3E71EC-A381-4716-87DF-D3841AB9795A},31 07 04 00:00,[Value],[Table],[Table],[Table],[Table]
131,153288994,1191,adventure-works\houman0,74,Production Technician - WC50,30 09 61 00:00,M,M,26 02 99 00:00,0,3,21,-1,{9CE8B2E8-9944-4BA5-97DE-441D8314F161},31 07 04 00:00,[Value],[Table],[Table],[Table],[Table]
132,981495526,1234,adventure-works\sairaj0,44,Scheduling Assistant,22 01 78 00:00,M,M,27 02 99 00:00,0,46,43,-1,{4D36A720-CE32-4C47-866A-DB7844449309},31 07 04 00:00,[Value],[Table],[Table],[Table],[Table]
133,363996959,1132,adventure-works\michiko0,173,Production Technician - WC30,28 07 72 00:00,S,M,27 02 99 00:00,0,44,42,-1,{F359F5B6-5E18-4C62-8531-14D951911CE5},31 07 04 00:00,[Value],[Table],[Table],[Table],[Table]
134,585408256,1116,adventure-works\benjamin0,184,Production Technician - WC30,06 02 76 00:00,S,M,28 02 99 00:00,0,28,34,-1,{F1A6F824-895B-4A0F-AF1B-05FBA703E69F},31 07 04 00:00,[Value],[Table],[Table],[Table],[Table]
135,386315192,1057,adventure-works\cynthia0,21,Production Supervisor - WC30,19 09 71 00:00,S,F,28 02 99 00:00,0,69,54,-1,{F9E1DC46-0D03-4A8A-B693-1A964BC13E6C},31 07 04 00:00,[Value],[Table],[Table],[Table],[Table]
136,167554340,1175,adventure-works\kathie0,197,Production Technician - WC45,02 12 80 00:00,M,F,28 02 99 00:00,0,87,63,-1,{25FC84D7-E013-44B8-82CD-63CD4723AF81},31 07 04 00:00,[Value],[Table],[Table],[Table],[Table]
137,410742000,1202,adventure-works\britta0,16,Production Technician - WC60,30 10 79 00:00,M,F,02 03 99 00:00,0,14,27,-1,{FC12677F-42F8-4790-AD69-685088ED7E5F},31 07 04 00:00,[Value],[Table],[Table],[Table],[Table]
138,746201340,1143,adventure-works\brian0,210,Production Technician - WC40,14 03 67 00:00,S,M,02 03 99 00:00,0,55,47,-1,{18D594A8-B4ED-43C0-9C43-6033FEAADF4E},31 07 04 00:00,[Value],[Table],[Table],[Table],[Table]
139,30845,1245,adventure-works\david6,140,Accounts Manager,08 08 73 00:00,M,M,03 03 99 00:00,-1,57,48,-1,{2DC9D534-F5D1-4A14-8282-0A2A0EB6FD4D},31 07 04 00:00,[Value],[Table],[Table],[Table],[Table]
140,184188301,1288,adventure-works\laura1,109,Chief Financial Officer,06 02 66 00:00,M,F,04 03 99 00:00,-1,0,20,-1,{D5E315A6-BD65-4D67-9D5F-81EF5C4EF8A6},31 07 04 00:00,[Value],[Table],[Table],[Table],[Table]
141,398737566,1186,adventure-works\michael2,38,Production Technician - WC50,03 06 64 00:00,S,M,04 03 99 00:00,0,98,69,-1,{C6EB2566-CF28-4602-9A25-5B91C8728838},31 07 04 00:00,[Value],[Table],[Table],[Table],[Table]
142,764853868,1127,adventure-works\andy0,135,Production Technician - WC30,20 11 73 00:00,M,M,04 03 99 00:00,0,39,39,-1,{615A6BFE-3046-4037-9764-238535F725BE},31 07 04 00:00,[Value],[Table],[Table],[Table],[Table]
143,319472946,1229,adventure-works\yuhong0,21,Production Supervisor - WC20,08 05 67 00:00,M,M,05 03 99 00:00,0,41,40,-1,{F1A684F4-02DB-4B22-8977-6D8D3A21100E},31 07 04 00:00,[Value],[Table],[Table],[Table],[Table]
144,456839592,1170,adventure-works\robert0,159,Production Technician - WC45,01 04 75 00:00,S,M,06 03 99 00:00,0,82,61,-1,{2203154E-5EBD-4ACA-99BE-D835A3309D03},31 07 04 00:00,[Value],[Table],[Table],[Table],[Table]
145,131471224,1272,adventure-works\andreas0,41,Quality Assurance Technician,29 04 79 00:00,M,M,06 03 99 00:00,0,84,62,-1,{F4DDD64F-DFFE-4DF3-AA17-D6BEA1924818},31 07 04 00:00,[Value],[Table],[Table],[Table],[Table]
146,259388196,1111,adventure-works\reed0,184,Production Technician - WC30,09 02 79 00:00,M,M,06 03 99 00:00,0,23,31,-1,{B3967C00-7014-4960-AF15-B1A6D3094F6F},31 07 04 00:00,[Value],[Table],[Table],[Table],[Table]
147,812797414,1100,adventure-works\linda1,143,Production Technician - WC20,06 11 67 00:00,S,F,07 03 99 00:00,0,12,26,-1,{F963F913-449E-4EBB-BFDA-FC0C3010DB65},31 07 04 00:00,[Value],[Table],[Table],[Table],[Table]
148,519899904,1052,adventure-works\james1,109,Vice President of Production,07 02 73 00:00,S,M,07 03 99 00:00,-1,64,52,-1,{D7314F24-2AF1-429C-9BBB-4038F45F3E6C},31 07 04 00:00,[Value],[Table],[Table],[Table],[Table]
149,314747499,1261,adventure-works\ramesh0,42,Application Specialist,14 04 78 00:00,S,M,07 03 99 00:00,-1,73,56,-1,{BE190269-4003-4D7F-809E-7B3FDC235DA8},31 07 04 00:00,[Value],[Table],[Table],[Table],[Table]
150,858323870,1256,adventure-works\stephanie0,42,Network Manager,26 04 74 00:00,S,F,08 03 99 00:00,-1,68,54,-1,{221CBB7B-8BAE-452B-A16F-A67EBB3873C8},31 07 04 00:00,[Value],[Table],[Table],[Table],[Table]
151,25011600,1095,adventure-works\samantha0,108,Production Technician - WC20,23 12 77 00:00,M,F,08 03 99 00:00,0,7,23,-1,{1629EDDD-D0AE-4CB9-A59C-3A175F7027E5},31 07 04 00:00,[Value],[Table],[Table],[Table],[Table]
152,436757988,1138,adventure-works\tawana0,210,Production Technician - WC40,12 12 79 00:00,S,M,09 03 99 00:00,0,50,45,-1,{BB4A3E50-232E-4212-9FAF-E67429FEBC7D},31 07 04 00:00,[Value],[Table],[Table],[Table],[Table]
153,652535724,1197,adventure-works\denise0,14,Production Technician - WC50,07 08 78 00:00,M,F,09 03 99 00:00,0,9,24,-1,{77878C43-F16E-437D-892F-3CFCC0715A0A},31 07 04 00:00,[Value],[Table],[Table],[Table],[Table]
154,416679555,1240,adventure-works\hao0,30,Human Resources Administrative Assistant,19 05 67 00:00,S,M,10 03 99 00:00,0,52,46,-1,{FD53C4C8-B34E-460F-9EE5-747B07FE98B3},31 07 04 00:00,[Value],[Table],[Table],[Table],[Table]
155,377784364,1165,adventure-works\alex0,123,Production Technician - WC45,14 05 80 00:00,M,M,12 03 99 00:00,0,77,58,-1,{B96BC9C2-5A25-4A9B-887A-C7C10E47B80C},31 07 04 00:00,[Value],[Table],[Table],[Table],[Table]
156,66073987,1224,adventure-works\eugene1,7,Production Technician - WC60,13 03 66 00:00,S,M,12 03 99 00:00,0,36,38,-1,{33543B35-77DA-4600-A41B-1EAFEA0AD643},31 07 04 00:00,[Value],[Table],[Table],[Table],[Table]
157,999440576,1210,adventure-works\brandon0,16,Production Technician - WC60,11 02 67 00:00,M,M,12 03 99 00:00,0,22,31,-1,{CA5D1935-44E2-4C45-93BB-809E59F56796},31 07 04 00:00,[Value],[Table],[Table],[Table],[Table]
158,134969118,1049,adventure-works\dylan0,3,Research and Development Manager,27 03 77 00:00,M,M,12 03 99 00:00,-1,61,50,-1,{4F46DECA-EF01-41FD-9829-0ADAB368E431},31 07 04 00:00,[Value],[Table],[Table],[Table],[Table]
159,551834634,1063,adventure-works\shane0,21,Production Supervisor - WC45,24 06 80 00:00,S,M,12 03 99 00:00,0,75,57,-1,{2625C358-672A-4000-AD67-B8CD3F318285},31 07 04 00:00,[Value],[Table],[Table],[Table],[Table]
160,305522471,1106,adventure-works\john2,182,Production Technician - WC20,06 05 76 00:00,M,M,13 03 99 00:00,0,18,29,-1,{BAB69951-28AD-4BCA-B5AC-032746D0CC6F},31 07 04 00:00,[Value],[Table],[Table],[Table],[Table]
161,260770918,1267,adventure-works\karen0,90,Document Control Assistant,25 01 66 00:00,M,F,13 03 99 00:00,0,79,59,-1,{8A41ED23-7AE2-4C15-AA5D-9496E721F848},31 07 04 00:00,[Value],[Table],[Table],[Table],[Table]
162,788456780,1208,adventure-works\jose0,16,Production Technician - WC60,01 09 74 00:00,M,M,14 03 99 00:00,0,20,30,-1,{9E912556-88BA-41EE-B946-CB84AB4C1102},31 07 04 00:00,[Value],[Table],[Table],[Table],[Table]
163,370581729,1188,adventure-works\mandar0,74,Production Technician - WC50,21 04 76 00:00,S,M,14 03 99 00:00,0,0,20,-1,{1F0E068A-48C5-40BF-8190-565150EFDADD},31 07 04 00:00,[Value],[Table],[Table],[Table],[Table]
164,603686790,1047,adventure-works\mikael0,274,Buyer,18 09 74 00:00,S,M,14 03 99 00:00,0,59,49,-1,{D0FD55FF-42FA-491E-8B3B-AB3316018909},31 07 04 00:00,[Value],[Table],[Table],[Table],[Table]
165,152085091,1192,adventure-works\sameer0,74,Production Technician - WC50,27 07 68 00:00,M,M,15 03 99 00:00,0,4,22,-1,{A703169F-1563-488E-914D-D784FD07F29A},31 07 04 00:00,[Value],[Table],[Table],[Table],[Table]
166,663843431,1251,adventure-works\dragan0,139,Accounts Payable Specialist,18 03 67 00:00,M,M,15 03 99 00:00,0,63,51,-1,{51C54D34-064B-44F7-A6B1-7702BD491980},31 07 04 00:00,[Value],[Table],[Table],[Table],[Table]
167,227319668,1133,adventure-works\carol0,173,Production Technician - WC30,18 11 78 00:00,M,F,16 03 99 00:00,0,45,42,-1,{8D0182A3-5B59-4EEA-9B3C-C7F05DA9A2CE},31 07 04 00:00,[Value],[Table],[Table],[Table],[Table]
168,578953538,1159,adventure-works\rob1,87,Production Technician - WC40,05 09 63 00:00,S,M,17 03 99 00:00,0,71,55,-1,{54FDA597-6822-42B4-B128-63ECA03071F2},31 07 04 00:00,[Value],[Table],[Table],[Table],[Table]
169,222400012,1176,adventure-works\don0,38,Production Technician - WC50,14 07 61 00:00,M,M,17 03 99 00:00,0,88,64,-1,{E720053D-922E-4C91-B81A-A1CA4EF8BB0E},31 07 04 00:00,[Value],[Table],[Table],[Table],[Table]
170,470689086,1235,adventure-works\alan0,44,Scheduling Assistant,30 04 74 00:00,M,M,17 03 99 00:00,0,47,43,-1,{DE321854-B076-4D59-BB7B-42152031B108},31 07 04 00:00,[Value],[Table],[Table],[Table],[Table]
171,860123571,1117,adventure-works\david7,184,Production Technician - WC30,25 10 75 00:00,M,M,18 03 99 00:00,0,29,34,-1,{85AFB689-7EAB-41A8-B154-9446195D5BDE},31 07 04 00:00,[Value],[Table],[Table],[Table],[Table]
172,273260055,1160,adventure-works\baris0,87,Production Technician - WC40,07 11 80 00:00,S,M,19 03 99 00:00,0,72,56,-1,{232D68BF-DF58-48F9-9235-53BD4B009B4B},31 07 04 00:00,[Value],[Table],[Table],[Table],[Table]
173,578935259,1058,adventure-works\michael3,21,Production Supervisor - WC30,02 03 79 00:00,S,M,19 03 99 00:00,0,70,55,-1,{1AD772D7-7B4A-4A7B-8676-49DD7608CB94},31 07 04 00:00,[Value],[Table],[Table],[Table],[Table]
174,752513276,1219,adventure-works\steve0,18,Production Technician - WC60,07 05 81 00:00,S,M,19 03 99 00:00,0,31,35,-1,{12F678D7-EAD3-4CF4-8518-A19AACF2A6D4},31 07 04 00:00,[Value],[Table],[Table],[Table],[Table]
175,754372876,1203,adventure-works\suchitra0,16,Production Technician - WC60,11 07 77 00:00,M,F,20 03 99 00:00,0,15,27,-1,{6ADBD932-0DA5-4F5C-AF67-8E3A53630896},31 07 04 00:00,[Value],[Table],[Table],[Table],[Table]
176,58317344,1262,adventure-works\karen1,42,Application Specialist,19 06 68 00:00,S,F,20 03 99 00:00,-1,74,57,-1,{45C3D0F5-3332-419D-AD40-A98996BB5531},31 07 04 00:00,[Value],[Table],[Table],[Table],[Table]
177,404159499,1101,adventure-works\terrence0,143,Production Technician - WC20,09 01 75 00:00,S,M,20 03 99 00:00,0,13,26,-1,{4DA76442-5EEF-41FB-AE19-16C55714F9AD},31 07 04 00:00,[Value],[Table],[Table],[Table],[Table]
178,363910111,1246,adventure-works\barbara1,139,Accountant,04 02 66 00:00,M,F,22 03 99 00:00,-1,58,49,-1,{3FFBA84E-8E97-4649-A5E1-859649D83AAE},31 07 04 00:00,[Value],[Table],[Table],[Table],[Table]
179,599942664,1187,adventure-works\chad0,38,Production Technician - WC50,04 09 80 00:00,M,M,22 03 99 00:00,0,99,69,-1,{83A32D4C-4725-478F-9997-91739BB957BA},31 07 04 00:00,[Value],[Table],[Table],[Table],[Table]
180,993310268,1128,adventure-works\rostislav0,135,Production Technician - WC30,15 10 67 00:00,M,M,23 03 99 00:00,0,40,40,-1,{00027A8C-C2F8-4A31-ABA8-8A203638B8F1},31 07 04 00:00,[Value],[Table],[Table],[Table],[Table]
181,20244403,1171,adventure-works\belinda0,197,Production Technician - WC45,19 10 59 00:00,S,F,24 03 99 00:00,0,83,61,-1,{F714B5EC-CA7C-4E6E-A812-2C5A119F4C30},31 07 04 00:00,[Value],[Table],[Table],[Table],[Table]
182,862951447,1230,adventure-works\katie0,21,Production Supervisor - WC20,20 12 74 00:00,S,F,24 03 99 00:00,0,42,41,-1,{5BE8B211-CBE5-45D8-84FD-23F36A881473},31 07 04 00:00,[Value],[Table],[Table],[Table],[Table]
183,551346974,1112,adventure-works\russell1,184,Production Technician - WC30,14 03 72 00:00,M,M,25 03 99 00:00,0,24,32,-1,{D54C7989-2675-4EF3-B392-370A8D264B2B},31 07 04 00:00,[Value],[Table],[Table],[Table],[Table]
184,60114406,1056,adventure-works\jack0,21,Production Supervisor - WC30,23 07 73 00:00,S,M,25 03 99 00:00,0,68,54,-1,{69A47230-70EE-48FD-AC15-C39F3712FF14},31 07 04 00:00,[Value],[Table],[Table],[Table],[Table]
185,33237992,1053,adventure-works\andrew0,21,Production Supervisor - WC10,08 10 78 00:00,S,M,26 03 99 00:00,0,65,52,-1,{08365B05-C143-4260-A93C-6B69418B1946},31 07 04 00:00,[Value],[Table],[Table],[Table],[Table]
186,1300049,1155,adventure-works\nicole0,87,Production Technician - WC40,10 05 76 00:00,M,F,26 03 99 00:00,0,67,53,-1,{15671E3B-016F-41FD-840B-5A9F7D776D9A},31 07 04 00:00,[Value],[Table],[Table],[Table],[Table]
187,10708100,1198,adventure-works\frank1,14,Production Technician - WC50,24 08 61 00:00,S,M,27 03 99 00:00,0,10,25,-1,{B395CD84-77BA-4D3C-A49D-D9E8D6CF100B},31 07 04 00:00,[Value],[Table],[Table],[Table],[Table]
188,672243793,1257,adventure-works\peter1,150,Network Administrator,29 06 70 00:00,S,M,27 03 99 00:00,0,69,54,-1,{86601E6A-6955-40FC-BB4A-1053A843CE99},31 07 04 00:00,[Value],[Table],[Table],[Table],[Table]
189,63761469,1096,adventure-works\anibal0,108,Production Technician - WC20,06 10 64 00:00,S,F,27 03 99 00:00,0,8,24,-1,{BC18A829-F0CE-4EAF-9785-2D84C86F925A},31 07 04 00:00,[Value],[Table],[Table],[Table],[Table]
190,693168613,1139,adventure-works\ken1,210,Production Technician - WC40,29 06 71 00:00,M,M,28 03 99 00:00,0,51,45,-1,{699C00D8-C4AB-4CD2-A48F-37CBCB5BFCCA},31 07 04 00:00,[Value],[Table],[Table],[Table],[Table]
191,476980013,1241,adventure-works\grant0,30,Human Resources Administrative Assistant,18 05 66 00:00,S,M,29 03 99 00:00,0,53,46,-1,{4511ABBA-7F34-400E-907B-A663C20E1A41},31 07 04 00:00,[Value],[Table],[Table],[Table],[Table]
192,334834274,1182,adventure-works\michael4,38,Production Technician - WC50,17 07 79 00:00,S,M,29 03 99 00:00,0,94,67,-1,{EB27C026-9470-4450-8D5E-1F38A41793B5},31 07 04 00:00,[Value],[Table],[Table],[Table],[Table]
193,399658727,1166,adventure-works\lionel0,159,Production Technician - WC45,15 04 78 00:00,S,M,30 03 99 00:00,0,78,59,-1,{231B1798-F67B-45C1-9688-265180F93D28},31 07 04 00:00,[Value],[Table],[Table],[Table],[Table]
194,500412746,1225,adventure-works\thomas0,7,Production Technician - WC60,11 02 76 00:00,M,M,30 03 99 00:00,0,37,38,-1,{8FF3AF67-32F2-4A08-98C3-A40F842D41A3},31 07 04 00:00,[Value],[Table],[Table],[Table],[Table]
195,652779496,1284,adventure-works\jimmy0,85,Stocker,05 06 75 00:00,M,M,30 03 99 00:00,0,96,68,-1,{96442787-9520-4955-A457-38AFDDB6FF13},31 07 04 00:00,[Value],[Table],[Table],[Table],[Table]
196,878395493,1123,adventure-works\michael5,135,Production Technician - WC30,19 10 72 00:00,M,M,30 03 99 00:00,0,35,37,-1,{2B0876D4-8996-4E71-A613-BE2E98E7ACCF},31 07 04 00:00,[Value],[Table],[Table],[Table],[Table]
197,332349500,1064,adventure-works\lori0,21,Production Supervisor - WC45,19 08 70 00:00,S,F,30 03 99 00:00,0,76,58,-1,{23D436FC-08F7-4988-8B4D-490AA4E8B7E7},31 07 04 00:00,[Value],[Table],[Table],[Table],[Table]
198,792847334,1048,adventure-works\arvind0,274,Buyer,21 09 64 00:00,M,M,01 04 99 00:00,0,60,50,-1,{51DE26F0-6ED9-4A70-B689-88EB882674B6},31 07 04 00:00,[Value],[Table],[Table],[Table],[Table]
199,621932914,1107,adventure-works\stefen0,182,Production Technician - WC20,21 01 66 00:00,S,M,01 04 99 00:00,0,19,29,-1,{B9EEBF9F-F694-4BC2-98EC-9B4FB0379EDF},31 07 04 00:00,[Value],[Table],[Table],[Table],[Table]
200,398223854,1268,adventure-works\hazem0,148,Quality Assurance Manager,27 11 67 00:00,S,M,01 04 99 00:00,-1,80,60,-1,{05C84608-F445-4F9D-BB5C-0828C309C29D},26 01 05 09:17,[Value],[Table],[Table],[Table],[Table]
201,519756660,1252,adventure-works\janet0,139,Accounts Payable Specialist,09 04 69 00:00,M,F,02 04 99 00:00,0,64,52,-1,{0C641D77-8675-493F-9947-8C65136559CD},31 07 04 00:00,[Value],[Table],[Table],[Table],[Table]
202,912141525,1193,adventure-works\elizabeth0,74,Production Technician - WC50,26 02 80 00:00,M,F,03 04 99 00:00,0,5,22,-1,{62A9F73F-6443-4F2F-B864-18186614BFB6},31 07 04 00:00,[Value],[Table],[Table],[Table],[Table]
203,243322160,1032,adventure-works\terry0,6,Marketing Specialist,07 03 76 00:00,M,M,03 04 99 00:00,0,44,42,-1,{AD0D7626-4506-45C4-898F-9D7A0E13AABD},31 07 04 00:00,[Value],[Table],[Table],[Table],[Table]
204,568626529,1115,adventure-works\john3,184,Production Technician - WC30,24 04 72 00:00,S,M,04 04 99 00:00,0,27,33,-1,{96C7EAB1-6DEA-4C59-AFD8-923F0E8DE1F6},31 07 04 00:00,[Value],[Table],[Table],[Table],[Table]
205,301435199,1134,adventure-works\merav0,173,Production Technician - WC30,13 06 73 00:00,M,F,04 04 99 00:00,0,46,43,-1,{2EE7914A-62D3-473B-A0E1-E4E55341EC4E},31 07 04 00:00,[Value],[Table],[Table],[Table],[Table]
206,368691270,1236,adventure-works\brian1,44,Scheduling Assistant,12 09 74 00:00,M,M,04 04 99 00:00,0,48,44,-1,{DFA02733-C26E-4E31-99D8-9167E4E5131D},31 07 04 00:00,[Value],[Table],[Table],[Table],[Table]
207,211789056,1177,adventure-works\kitti0,38,Production Technician - WC50,07 07 77 00:00,S,F,05 04 99 00:00,0,89,64,-1,{49A05524-FA34-45B1-95BC-489901DC5B50},31 07 04 00:00,[Value],[Table],[Table],[Table],[Table]
208,63179277,1220,adventure-works\jay0,18,Production Technician - WC60,14 03 66 00:00,S,M,06 04 99 00:00,0,32,36,-1,{18187809-5294-474F-85A1-D5BE6BD518D6},31 07 04 00:00,[Value],[Table],[Table],[Table],[Table]
209,587567941,1118,adventure-works\jan0,184,Production Technician - WC30,16 12 64 00:00,S,M,06 04 99 00:00,0,30,35,-1,{975F827D-BE71-4EB1-8DBF-E6C451D1FAD5},31 07 04 00:00,[Value],[Table],[Table],[Table],[Table]
210,634335025,1059,adventure-works\brenda0,21,Production Supervisor - WC40,31 03 73 00:00,M,F,06 04 99 00:00,0,71,55,-1,{714D519B-375E-4C5A-8491-C758D00CF95F},31 07 04 00:00,[Value],[Table],[Table],[Table],[Table]
211,65848458,1161,adventure-works\andrew1,123,Production Technician - WC45,26 10 78 00:00,S,M,07 04 99 00:00,0,73,56,-1,{A2A2CF20-4E5C-45F7-A7BD-1B94F0C3A43A},31 07 04 00:00,[Value],[Table],[Table],[Table],[Table]
212,260805477,1263,adventure-works\chris1,90,Control Specialist,26 06 77 00:00,M,M,07 04 99 00:00,0,75,57,-1,{45C358FB-9C7F-4D36-8EC7-3D89E9FD07F4},31 07 04 00:00,[Value],[Table],[Table],[Table],[Table]
213,442121106,1204,adventure-works\chris2,16,Production Technician - WC60,07 09 76 00:00,S,M,08 04 99 00:00,0,16,28,-1,{77B384C7-AFFB-4816-992B-F5B3034EE4FF},31 07 04 00:00,[Value],[Table],[Table],[Table],[Table]
214,300946911,1102,adventure-works\shelley0,143,Production Technician - WC20,08 01 77 00:00,S,F,08 04 99 00:00,0,14,27,-1,{13942056-2930-4490-83CE-AF2386D5A5E7},31 07 04 00:00,[Value],[Table],[Table],[Table],[Table]
215,440379437,1145,adventure-works\gabe0,210,Production Technician - WC40,11 06 78 00:00,M,M,09 04 99 00:00,0,57,48,-1,{790C9A7C-264C-4D48-A9D3-E2571A8011D8},31 07 04 00:00,[Value],[Table],[Table],[Table],[Table]
216,480951955,1247,adventure-works\mike0,139,Accountant,01 08 69 00:00,S,M,09 04 99 00:00,-1,59,49,-1,{AC35337D-7C75-4DEE-BB11-6564F257FE18},31 07 04 00:00,[Value],[Table],[Table],[Table],[Table]
217,879342154,1289,adventure-works\michael6,158,Research and Development Manager,01 01 75 00:00,M,M,04 06 99 00:00,-1,16,64,-1,{EAA43680-5571-40CB-AB1A-3BF68F04459E},31 07 04 00:00,[Value],[Table],[Table],[Table],[Table]
218,141165819,1274,adventure-works\gary1,148,Facilities Manager,21 03 61 00:00,M,M,03 01 00 00:00,-1,86,63,-1,{62F6EC59-5635-44F3-9CC1-2D8EEAF90A05},31 07 04 00:00,[Value],[Table],[Table],[Table],[Table]
219,537092325,1215,adventure-works\charles0,18,Production Technician - WC60,03 10 61 00:00,S,M,04 01 00 00:00,0,27,33,-1,{CDC11292-DF74-4FB0-8676-5B2AA4687142},31 07 04 00:00,[Value],[Table],[Table],[Table],[Table]
220,455563743,1081,adventure-works\ebru0,25,Production Technician - WC10,23 10 76 00:00,S,M,07 01 00 00:00,0,93,66,-1,{6C25A32B-88B5-4F84-A129-F7F688DFA588},31 07 04 00:00,[Value],[Table],[Table],[Table],[Table]
221,701156975,1092,adventure-works\sylvester0,108,Production Technician - WC20,13 12 60 00:00,M,M,12 01 00 00:00,0,4,22,-1,{D9C43D08-3882-4E5C-BDF0-F6BD7004CD04},31 07 04 00:00,[Value],[Table],[Table],[Table],[Table]
222,1662732,1151,adventure-works\brian2,51,Production Technician - WC40,23 01 61 00:00,S,M,12 01 00 00:00,0,63,51,-1,{C294F676-CAAF-4924-9730-BC81AE408BE1},31 07 04 00:00,[Value],[Table],[Table],[Table],[Table]
223,407505660,1044,adventure-works\linda2,274,Buyer,31 12 60 00:00,M,F,18 01 00 00:00,0,56,48,-1,{ED06F9F4-2123-4C44-89D7-E43E1E1ABC2F},31 07 04 00:00,[Value],[Table],[Table],[Table],[Table]
224,294148271,1087,adventure-works\betsy0,64,Production Technician - WC10,17 01 57 00:00,S,F,19 01 00 00:00,0,99,69,-1,{EBCDBA1C-6C1D-4D36-90F7-1893755C85E3},31 07 04 00:00,[Value],[Table],[Table],[Table],[Table]
225,552560652,1275,adventure-works\magnus0,218,Facilities Administrative Assistant,27 09 61 00:00,M,M,22 01 00 00:00,0,87,63,-1,{0A4BCC09-ACE5-4481-9067-8B9ED70ECA18},31 07 04 00:00,[Value],[Table],[Table],[Table],[Table]
226,834186596,1216,adventure-works\karan0,18,Production Technician - WC60,07 04 60 00:00,S,M,23 01 00 00:00,0,28,34,-1,{08B1BA74-DD80-4FDA-8327-93268B84977B},31 07 04 00:00,[Value],[Table],[Table],[Table],[Table]
227,717889520,1082,adventure-works\mary1,25,Production Technician - WC10,20 10 76 00:00,M,F,26 01 00 00:00,0,94,67,-1,{6DC9F7D0-5664-4E4A-90F5-7AB85EBB02E6},31 07 04 00:00,[Value],[Table],[Table],[Table],[Table]
228,801365500,1078,adventure-works\kevin2,25,Production Technician - WC10,20 10 76 00:00,S,M,26 01 00 00:00,0,90,65,-1,{8B21E53D-E705-479A-B32E-6E63AC2F4BCD},31 07 04 00:00,[Value],[Table],[Table],[Table],[Table]
229,413787783,1152,adventure-works\mihail0,51,Production Technician - WC40,09 04 61 00:00,S,M,30 01 00 00:00,0,64,52,-1,{03A9BA14-0D5B-4671-B851-2C1721EFBF01},31 07 04 00:00,[Value],[Table],[Table],[Table],[Table]
230,109272464,1077,adventure-works\bonnie0,185,Production Technician - WC10,11 10 76 00:00,M,F,02 02 00 00:00,0,89,64,-1,{E950A52A-DF61-4FEC-9063-545664D65B89},31 07 04 00:00,[Value],[Table],[Table],[Table],[Table]
231,482810518,1045,adventure-works\fukiko0,274,Buyer,25 12 60 00:00,M,M,05 02 00 00:00,0,57,48,-1,{36CD6636-C657-4FC7-9BFA-CC1BFA9102A2},31 07 04 00:00,[Value],[Table],[Table],[Table],[Table]
232,113393530,1088,adventure-works\hung-fu0,108,Production Technician - WC20,23 11 61 00:00,S,M,07 02 00 00:00,0,0,20,-1,{065D8D5F-9504-4FFE-98DC-E69677F19F15},31 07 04 00:00,[Value],[Table],[Table],[Table],[Table]
233,466142721,1040,adventure-works\gordon0,274,Buyer,30 12 56 00:00,M,M,12 02 00 00:00,0,52,46,-1,{2CB2D5C3-C437-49B1-9FFD-FAA096F6126F},31 07 04 00:00,[Value],[Table],[Table],[Table],[Table]
234,390124815,1083,adventure-works\kimberly0,64,Production Technician - WC10,14 10 76 00:00,S,F,13 02 00 00:00,0,95,67,-1,{CE256B6C-1EEE-43ED-9969-7CAC480FF4D7},31 07 04 00:00,[Value],[Table],[Table],[Table],[Table]
235,6298838,1212,adventure-works\kim1,16,Production Technician - WC60,14 01 57 00:00,M,F,17 02 00 00:00,0,24,32,-1,{891C27F4-28CC-44BB-BEA3-DA5EA7FBE957},31 07 04 00:00,[Value],[Table],[Table],[Table],[Table]
236,943170460,1153,adventure-works\sandeep0,51,Production Technician - WC40,03 01 61 00:00,S,M,18 02 00 00:00,0,65,52,-1,{606C21E2-3EC0-48A6-A9FE-6BC8123AC786},31 07 04 00:00,[Value],[Table],[Table],[Table],[Table]
237,339233463,1093,adventure-works\prasanna0,108,Production Technician - WC20,01 06 43 00:00,M,M,23 02 00 00:00,0,5,22,-1,{72ED240A-0FD8-4423-8A49-9078BA6BCF6C},31 07 04 00:00,[Value],[Table],[Table],[Table],[Table]
238,367453993,1046,adventure-works\frank2,274,Buyer,13 06 42 00:00,M,M,24 02 00 00:00,0,58,49,-1,{0423D8D0-1B14-4718-8C17-85E2F98D222F},31 07 04 00:00,[Value],[Table],[Table],[Table],[Table]
239,872923042,1089,adventure-works\min0,108,Production Technician - WC20,11 10 64 00:00,M,M,25 02 00 00:00,0,1,20,-1,{CC75C35D-1566-43FA-B2E9-D1E508EFDCD1},31 07 04 00:00,[Value],[Table],[Table],[Table],[Table]
240,697712387,1148,adventure-works\eric1,51,Production Technician - WC40,08 01 57 00:00,M,M,25 02 00 00:00,0,60,50,-1,{55F62E38-9457-46C8-A824-E46A3117A935},31 07 04 00:00,[Value],[Table],[Table],[Table],[Table]
241,381073001,1042,adventure-works\eric2,274,Buyer,19 10 62 00:00,S,M,28 02 00 00:00,0,54,47,-1,{A28AB377-06F5-417A-A5E2-59F459088699},31 07 04 00:00,[Value],[Table],[Table],[Table],[Table]
242,646304055,1277,adventure-works\pat0,49,Janitor,03 01 61 00:00,S,M,28 02 00 00:00,0,89,64,-1,{49238447-30EE-4009-993F-0B6C756AB436},31 07 04 00:00,[Value],[Table],[Table],[Table],[Table]
243,414476027,1218,adventure-works\maciej0,18,Production Technician - WC60,02 03 45 00:00,S,M,01 03 00 00:00,0,30,35,-1,{3229D93F-6A14-4BAC-ABC5-A91B9ECFB4D3},31 07 04 00:00,[Value],[Table],[Table],[Table],[Table]
244,785853949,1041,adventure-works\erin0,274,Buyer,04 02 61 00:00,S,F,03 03 00 00:00,0,53,46,-1,{B60712A9-50A5-4296-B892-69C4701834B0},31 07 04 00:00,[Value],[Table],[Table],[Table],[Table]
245,90888098,1084,adventure-works\patrick0,64,Production Technician - WC10,11 10 76 00:00,S,M,04 03 00 00:00,0,96,68,-1,{D5FBE9E6-B8C5-484C-B4B8-48059E0EF267},31 07 04 00:00,[Value],[Table],[Table],[Table],[Table]
246,947029962,1154,adventure-works\frank3,51,Production Technician - WC40,03 04 42 00:00,M,M,08 03 00 00:00,0,66,53,-1,{9AF24ACC-EA3E-4EFE-B5E3-4762C496D57C},31 07 04 00:00,[Value],[Table],[Table],[Table],[Table]
247,461786517,1213,adventure-works\ed0,16,Production Technician - WC60,12 10 61 00:00,S,M,08 03 00 00:00,0,25,32,-1,{8EF22FB3-AF37-4B44-8862-D60A7CB09D82},31 07 04 00:00,[Value],[Table],[Table],[Table],[Table]
248,393421437,1079,adventure-works\christopher0,25,Production Technician - WC10,01 11 76 00:00,M,M,11 03 00 00:00,0,91,65,-1,{F71C6055-557B-4660-86FF-8C0FA14B24E6},31 07 04 00:00,[Value],[Table],[Table],[Table],[Table]
249,988315686,1149,adventure-works\patrick1,51,Production Technician - WC40,24 01 64 00:00,M,M,15 03 00 00:00,0,61,50,-1,{296C52AE-169F-4292-975D-C508476DCECF},31 07 04 00:00,[Value],[Table],[Table],[Table],[Table]
250,56772045,1090,adventure-works\krishna0,108,Production Technician - WC20,06 10 61 00:00,S,M,16 03 00 00:00,0,2,21,-1,{42A506A5-0AC0-4148-B702-BB7B804EF98C},31 07 04 00:00,[Value],[Table],[Table],[Table],[Table]
251,879334904,1278,adventure-works\lori1,49,Janitor,31 08 60 00:00,M,F,19 03 00 00:00,0,90,65,-1,{929FE187-EE24-4F5F-AF2A-F96324F09423},31 07 04 00:00,[Value],[Table],[Table],[Table],[Table]
252,82638150,1085,adventure-works\danielle0,64,Production Technician - WC10,08 10 76 00:00,S,F,23 03 00 00:00,0,97,68,-1,{BB886159-1400-4264-B7C9-A3769BEB1274},31 07 04 00:00,[Value],[Table],[Table],[Table],[Table]
253,343861179,1273,adventure-works\sootha0,41,Quality Assurance Technician,05 01 57 00:00,M,M,26 03 00 00:00,0,85,62,-1,{A3DADF19-27F0-460A-9888-CE6CAA9E3583},31 07 04 00:00,[Value],[Table],[Table],[Table],[Table]
254,582347317,1214,adventure-works\michael7,18,Production Technician - WC60,07 10 63 00:00,S,M,26 03 00 00:00,0,26,33,-1,{492B24BD-BDE9-4371-B96E-CCD72264B91F},31 07 04 00:00,[Value],[Table],[Table],[Table],[Table]
255,8066363,1217,adventure-works\randy0,18,Production Technician - WC60,29 05 60 00:00,M,M,26 03 00 00:00,0,29,34,-1,{9A08108D-E039-4862-8F93-55F18017AD72},31 07 04 00:00,[Value],[Table],[Table],[Table],[Table]
256,561196580,1080,adventure-works\john4,25,Production Technician - WC10,29 10 76 00:00,S,M,30 03 00 00:00,0,92,66,-1,{D4CF23D9-21B6-45E4-827C-22890DF0373B},31 07 04 00:00,[Value],[Table],[Table],[Table],[Table]
257,58791499,1150,adventure-works\jack1,51,Production Technician - WC40,30 09 63 00:00,S,M,03 04 00 00:00,0,62,51,-1,{D308D387-F7F3-4B5F-ABDA-FAF5574245CD},31 07 04 00:00,[Value],[Table],[Table],[Table],[Table]
258,163347032,1091,adventure-works\olinda0,108,Production Technician - WC20,05 05 60 00:00,S,F,04 04 00 00:00,0,3,21,-1,{6456CEC3-9B1E-4EBC-9FD8-732B93363F65},31 07 04 00:00,[Value],[Table],[Table],[Table],[Table]
259,28414965,1276,adventure-works\stuart1,49,Janitor,17 01 62 00:00,M,M,05 04 00 00:00,0,88,64,-1,{CC2791E6-7629-49C5-922A-81445AFDF033},31 07 04 00:00,[Value],[Table],[Table],[Table],[Table]
260,153479919,1279,adventure-works\jo1,49,Janitor,25 05 44 00:00,M,F,07 04 00 00:00,0,91,65,-1,{39AF5CCA-9B52-41E5-B510-72901D2578F6},31 07 04 00:00,[Value],[Table],[Table],[Table],[Table]
261,20269531,1043,adventure-works\ben0,274,Buyer,05 07 63 00:00,M,M,09 04 00 00:00,0,55,47,-1,{B9641CAE-765C-4662-B760-C167A1F2B8B5},31 07 04 00:00,[Value],[Table],[Table],[Table],[Table]
262,826454897,1086,adventure-works\tom0,64,Production Technician - WC10,01 11 76 00:00,M,M,10 04 00 00:00,0,98,69,-1,{B3BF7FC5-2014-48CE-B7BB-76124FA8446C},31 07 04 00:00,[Value],[Table],[Table],[Table],[Table]
263,974026903,1007,adventure-works\ovidiu0,3,Senior Tool Designer,18 02 68 00:00,S,M,05 01 01 00:00,0,7,23,-1,{F68C7C19-FAC1-438C-9BB7-AC33FCC341C3},31 07 04 00:00,[Value],[Table],[Table],[Table],[Table]
264,437296311,1038,adventure-works\annette0,274,Purchasing Assistant,01 03 68 00:00,M,F,06 01 01 00:00,0,50,45,-1,{9E03395F-4D5D-4A53-880E-174BD8C1DB59},31 07 04 00:00,[Value],[Table],[Table],[Table],[Table]
265,486228782,1008,adventure-works\janice0,263,Tool Designer,29 06 79 00:00,M,F,23 01 01 00:00,0,8,24,-1,{954B91B6-5AA7-48C2-8685-6E11C6E5C49A},31 07 04 00:00,[Value],[Table],[Table],[Table],[Table]
266,280633567,1039,adventure-works\reinout0,274,Purchasing Assistant,18 02 68 00:00,M,M,25 01 01 00:00,0,51,45,-1,{9825EB00-8E36-4506-93A2-6DDCDC0B13C3},31 07 04 00:00,[Value],[Table],[Table],[Table],[Table]
267,42487730,1003,adventure-works\michael8,3,Senior Design Engineer,17 07 69 00:00,S,M,30 01 01 00:00,-1,3,21,-1,{46286CA4-46DD-4DDB-9128-85B67E98D1A9},31 07 04 00:00,[Value],[Table],[Table],[Table],[Table]
268,502097814,1011,adventure-works\stephen0,273,North American Sales Manager,17 11 41 00:00,M,M,04 02 01 00:00,-1,14,27,-1,{86D5FA9E-4BC0-48C8-91DC-1EC467418D11},31 07 04 00:00,[Value],[Table],[Table],[Table],[Table]
269,323403273,1029,adventure-works\wanida0,6,Marketing Assistant,17 04 65 00:00,M,F,07 02 01 00:00,0,41,40,-1,{43CCA446-DA1C-454C-8530-873AD2923E1B},31 07 04 00:00,[Value],[Table],[Table],[Table],[Table]
270,56920285,1004,adventure-works\sharon0,3,Design Engineer,03 06 51 00:00,M,F,18 02 01 00:00,-1,4,22,-1,{54F2FDC0-87C4-4065-A7A8-9AC8EA624235},31 07 04 00:00,[Value],[Table],[Table],[Table],[Table]
271,222969461,1036,adventure-works\john5,6,Marketing Specialist,06 04 68 00:00,S,M,10 03 01 00:00,0,48,44,-1,{64730415-1F58-4E5B-8FA8-5E4DAEBA53B4},31 07 04 00:00,[Value],[Table],[Table],[Table],[Table]
272,52541318,1031,adventure-works\mary2,6,Marketing Assistant,01 03 68 00:00,S,F,17 03 01 00:00,0,43,41,-1,{1F6DA901-C7F7-48A8-8EEF-D81868D72B52},31 07 04 00:00,[Value],[Table],[Table],[Table],[Table]
273,112432117,1010,adventure-works\brian3,109,Vice President of Sales,08 07 67 00:00,S,M,18 03 01 00:00,-1,10,25,-1,{F3EC557C-8B41-4EE6-BB0C-E3B93AFF81E5},31 07 04 00:00,[Value],[Table],[Table],[Table],[Table]
274,895209680,1037,adventure-works\sheela0,71,Purchasing Manager,13 03 68 00:00,S,F,28 03 01 00:00,-1,49,44,-1,{7D6B0155-0191-4599-8394-378EBDE63C9A},31 07 04 00:00,[Value],[Table],[Table],[Table],[Table]
275,841560125,1026,adventure-works\michael9,268,Sales Representative,26 01 59 00:00,S,M,01 07 01 00:00,-1,38,39,-1,{E19F8DE2-0F40-418C-84A2-DB48B98DC6A2},31 07 04 00:00,[Value],[Table],[Table],[Table],[Table]
276,191644724,1018,adventure-works\linda3,268,Sales Representative,30 03 70 00:00,M,F,01 07 01 00:00,-1,27,33,-1,{4509F387-D73A-43DC-A502-B1C27AA1DC9E},31 07 04 00:00,[Value],[Table],[Table],[Table],[Table]
277,615389812,1016,adventure-works\jillian0,268,Sales Representative,29 09 52 00:00,S,F,01 07 01 00:00,-1,24,32,-1,{A011C97B-081C-4739-996F-C1CAC4532F8D},31 07 04 00:00,[Value],[Table],[Table],[Table],[Table]
278,234474252,1021,adventure-works\garrett1,268,Sales Representative,07 03 65 00:00,M,M,01 07 01 00:00,-1,33,36,-1,{50EECC16-0D0D-43A9-9649-016C06DE8D78},31 07 04 00:00,[Value],[Table],[Table],[Table],[Table]
279,716374314,1019,adventure-works\tsvi0,268,Sales Representative,19 02 64 00:00,M,M,01 07 01 00:00,-1,29,34,-1,{BB510FCE-0105-4306-B591-6450D9EBF401},31 07 04 00:00,[Value],[Table],[Table],[Table],[Table]
280,61161660,1014,adventure-works\pamela0,268,Sales Representative,06 01 65 00:00,S,F,01 07 01 00:00,-1,22,31,-1,{7627B9D6-0707-4706-9AD9-0D37506B08AE},31 07 04 00:00,[Value],[Table],[Table],[Table],[Table]
281,139397894,1017,adventure-works\shu0,268,Sales Representative,10 04 58 00:00,M,M,01 07 01 00:00,-1,26,33,-1,{4103C891-37E8-4DFC-AEAC-B55E2BC1BE1C},31 07 04 00:00,[Value],[Table],[Table],[Table],[Table]
282,399771412,1020,adventure-works\josé1,268,Sales Representative,11 01 54 00:00,M,M,01 07 01 00:00,-1,31,35,-1,{FD3992FB-3067-451D-A09D-73BD53C0FECA},31 07 04 00:00,[Value],[Table],[Table],[Table],[Table]
283,987554265,1015,adventure-works\david8,268,Sales Representative,14 03 64 00:00,S,M,01 07 01 00:00,-1,23,31,-1,{1E8F9E91-508F-4D49-ACD2-775C836030ED},31 07 04 00:00,[Value],[Table],[Table],[Table],[Table]
284,982310417,1013,adventure-works\amy0,273,European Sales Manager,22 10 47 00:00,M,F,18 05 02 00:00,-1,21,30,-1,{66D66445-EE78-4676-9E66-0E22D6109A92},31 07 04 00:00,[Value],[Table],[Table],[Table],[Table]
285,668991357,1025,adventure-works\jae0,284,Sales Representative,18 04 58 00:00,M,F,01 07 02 00:00,-1,37,38,-1,{723A5921-D8A1-4659-9BC4-13C4CF7C9C91},31 07 04 00:00,[Value],[Table],[Table],[Table],[Table]
286,134219713,1022,adventure-works\ranjit0,284,Sales Representative,31 10 65 00:00,S,M,01 07 02 00:00,-1,34,37,-1,{604213F9-DD0F-43B4-BDD2-C96E93D3F4BF},31 07 04 00:00,[Value],[Table],[Table],[Table],[Table]
287,90836195,1027,adventure-works\tete0,268,Sales Representative,06 02 68 00:00,M,M,01 11 02 00:00,-1,39,39,-1,{0C67CE00-DE78-4712-908F-06939A2C58D5},31 07 04 00:00,[Value],[Table],[Table],[Table],[Table]
288,481044938,1012,adventure-works\syed0,273,Pacific Sales Manager,11 02 65 00:00,M,M,15 04 03 00:00,-1,20,30,-1,{86F292DB-B73C-429D-9912-800994D809FB},31 07 04 00:00,[Value],[Table],[Table],[Table],[Table]
289,954276278,1023,adventure-works\rachel0,284,Sales Representative,09 08 65 00:00,S,F,01 07 03 00:00,-1,35,37,-1,{B9BF7741-E0CA-4F37-ACDE-A4F78C6D03E9},31 07 04 00:00,[Value],[Table],[Table],[Table],[Table]
290,758596752,1024,adventure-works\lynn0,288,Sales Representative,18 04 61 00:00,S,F,01 07 03 00:00,-1,36,38,-1,{4A9A8407-A680-4A6B-8D03-511CB58F9A8A},31 07 04 00:00,[Value],[Table],[Table],[Table],[Table]
